world,budget,arm,seeds,reach_rate,mean_first_success,mean_concepts,relevant_promotion_rate,mean_reused_concepts,mean_shared_target_concepts,mean_max_target_depth,mean_max_target_compression,mean_selected_heldout,mean_selection_regret
shallow,500,reset,50,0.84,181.714285714286,0.0,0.0,0.0,0.0,1.68,0.0,0.94214177921,0.004671650113
shallow,500,reify,50,0.56,148.428571428571,3.08,0.0,2.98,0.0,1.82,1.8,0.938639248634,0.005257343651
shallow,500,sham,50,0.44,174.318181818182,3.08,0.0,2.88,0.0,0.88,0.0,0.813260292281,0.013110128559
shallow,500,process,50,0.66,140.060606060606,3.12,0.0,3.04,0.0,2.14,2.04,0.950048780214,0.004265201589
deep,50,reify,50,0.0,nan,1.0,0.2,1.0,0.0,0.0,0.0,0.632169316891,0.049231233987
deep,50,process,50,0.0,nan,1.0,0.2,1.0,0.0,0.0,0.0,0.632169316891,0.049231233987
deep,100,reify,50,0.1,85.4,1.68,0.28,1.68,0.0,0.3,0.1,0.807101645232,0.012695266983
deep,100,process,50,0.1,85.4,1.68,0.28,1.68,0.0,0.3,0.1,0.807101645232,0.012695266983
deep,200,reify,50,0.32,137.125,2.34,0.34,2.34,0.0,1.14,0.86,0.887313246399,0.011239616774
deep,200,process,50,0.3,131.266666666667,2.36,0.36,2.36,0.0,1.02,0.66,0.902866298448,0.002065650746
deep,350,reify,50,0.42,174.428571428571,2.68,0.36,2.68,0.0,1.58,1.38,0.912201867915,0.003103072724
deep,350,process,50,0.4,175.05,2.82,0.42,2.82,0.0,1.48,1.24,0.926322982796,0.007155658572
deep,500,reset,50,0.0,nan,0.0,0.0,0.0,0.0,0.0,0.0,0.923955371241,0.0
deep,500,reify,50,0.54,232.666666666667,3.0,0.44,2.9,0.0,2.0,1.68,0.950407536981,0.001717829581
deep,500,sham,50,0.0,nan,3.0,0.0,2.86,0.0,0.0,0.0,0.819821621182,0.006872523664
deep,500,process,50,0.44,199.227272727273,3.08,0.48,3.02,0.0,1.64,1.4,0.949333789319,0.005524969185
reuse,50,reify,50,0.0,nan,0.98,0.1,0.98,0.0,0.0,0.0,0.575969838736,0.048795324931
reuse,50,process,50,0.0,nan,0.98,0.1,0.98,0.0,0.0,0.0,0.575969838736,0.048795324931
reuse,100,reify,50,0.0,nan,1.58,0.12,1.58,0.0,0.24,0.08,0.655599636309,0.058643797742
reuse,100,process,50,0.0,nan,1.58,0.12,1.58,0.0,0.24,0.08,0.655599636309,0.058643797742
reuse,200,reify,50,0.0,nan,2.38,0.2,2.38,0.0,0.74,0.46,0.760381729163,0.040523594872
reuse,200,process,50,0.0,nan,2.36,0.16,2.36,0.0,0.64,0.48,0.772188092383,0.026450250709
reuse,350,reify,50,0.06,338.666666666667,2.92,0.34,2.92,0.06,1.16,1.1,0.832816317799,0.033495162771
reuse,350,process,50,0.02,339.0,2.94,0.22,2.94,0.02,1.0,0.94,0.863034378075,0.008603457117
reuse,500,reset,50,0.0,nan,0.0,0.0,0.0,0.0,0.0,0.0,0.915509254269,0.0
reuse,500,reify,50,0.1,386.2,3.34,0.44,3.16,0.1,1.46,1.36,0.879400363258,0.021466047969
reuse,500,sham,50,0.0,nan,3.34,0.0,3.1,0.0,0.0,0.0,0.80080394957,0.023185926135
reuse,500,process,50,0.02,339.0,3.42,0.32,3.3,0.02,1.28,1.14,0.88997323982,0.012600624897
context,50,reify,50,0.0,nan,1.0,0.12,1.0,0.0,0.0,0.0,0.801469398096,0.015616816942
context,50,process,50,0.0,nan,1.0,0.12,1.0,0.0,0.0,0.0,0.801469398096,0.015616816942
context,100,reify,50,0.02,90.0,1.88,0.14,1.88,0.0,0.06,0.02,0.841575563125,0.015613917565
context,100,process,50,0.02,90.0,1.88,0.14,1.88,0.0,0.06,0.02,0.841575563125,0.015613917565
context,200,reify,50,0.04,119.5,2.86,0.16,2.86,0.0,0.16,0.26,0.855957023587,0.018983063314
context,200,process,50,0.08,124.0,2.66,0.14,2.66,0.0,0.32,0.58,0.881535180509,0.010114695681
context,350,reify,50,0.08,206.0,3.62,0.16,3.62,0.0,0.3,0.5,0.879114216728,0.015409854911
context,350,process,50,0.12,197.666666666667,3.2,0.14,3.2,0.0,0.48,0.82,0.891314179359,0.010515716371
context,500,reset,50,0.0,nan,0.0,0.0,0.0,0.0,0.0,0.0,0.816827425503,0.032416006088
context,500,reify,50,0.12,278.0,3.96,0.16,3.88,0.0,0.56,1.2,0.894116010228,0.016344433321
context,500,sham,50,0.04,336.0,3.96,0.0,3.7,0.0,0.16,0.16,0.824615870448,0.024244764224
context,500,process,50,0.14,238.285714285714,3.44,0.14,3.38,0.0,0.62,1.18,0.90069053541,0.009949664159
decoy,500,reset,50,0.0,nan,0.0,0.0,0.0,0.0,0.0,0.0,0.093663886437,0.200174683398
decoy,500,reify,50,0.0,nan,0.16,0.0,0.16,0.0,0.0,0.0,0.092176131211,0.20065170016
decoy,500,sham,50,0.0,nan,0.16,0.0,0.16,0.0,0.0,0.0,0.093214217167,0.199514382924
decoy,500,process,50,0.0,nan,0.14,0.0,0.14,0.0,0.0,0.0,0.091482252019,0.202582584235
